Date,20-24_College_Graduates,20-24_No_College,All
2000-01-01,3.8,9.3,4.0
2000-02-01,4.4,9.6,4.1
2000-03-01,5.1,9.5,4.0
2000-04-01,4.0,7.5,3.8
2000-05-01,5.1,8.1,4.0
2000-06-01,6.1,8.2,4.0
2000-07-01,5.4,8.0,4.0
2000-08-01,4.4,8.0,4.1
2000-09-01,4.3,7.6,3.9
2000-10-01,3.9,7.8,3.9
2000-11-01,2.5,8.5,3.9
2000-12-01,3.0,8.4,3.9
2001-01-01,5.5,9.6,4.2
2001-02-01,3.9,9.8,4.2
2001-03-01,4.1,9.4,4.3
2001-04-01,3.7,8.4,4.4
2001-05-01,4.7,9.1,4.3
2001-06-01,7.0,8.8,4.5
2001-07-01,6.6,9.0,4.6
2001-08-01,10.0,9.4,4.9
2001-09-01,9.7,9.0,5.0
2001-10-01,4.7,10.2,5.3
2001-11-01,4.8,10.6,5.5
2001-12-01,3.3,11.3,5.7
2002-01-01,4.3,12.1,5.7
2002-02-01,5.7,12.7,5.7
2002-03-01,4.3,12.4,5.7
2002-04-01,4.7,12.2,5.9
2002-05-01,5.9,9.5,5.8
2002-06-01,5.8,9.8,5.8
2002-07-01,7.0,11.2,5.8
2002-08-01,8.0,10.5,5.7
2002-09-01,8.0,11.0,5.7
2002-10-01,5.2,11.2,5.7
2002-11-01,3.8,10.2,5.9
2002-12-01,3.7,11.1,6.0
2003-01-01,6.3,12.4,5.8
2003-02-01,6.0,12.0,5.9
2003-03-01,5.0,10.9,5.9
2003-04-01,4.4,11.2,6.0
2003-05-01,6.4,11.9,6.1
2003-06-01,7.6,12.9,6.3
2003-07-01,8.6,12.1,6.2
2003-08-01,8.1,12.2,6.1
2003-09-01,6.5,13.0,6.1
2003-10-01,6.5,11.7,6.0
2003-11-01,4.9,11.7,5.8
2003-12-01,4.1,11.3,5.7
2004-01-01,5.3,12.5,5.7
2004-02-01,6.0,12.7,5.6
2004-03-01,6.4,13.2,5.8
2004-04-01,4.0,11.2,5.6
2004-05-01,3.9,10.8,5.6
2004-06-01,8.5,10.9,5.6
2004-07-01,5.7,10.7,5.5
2004-08-01,5.8,10.0,5.4
2004-09-01,5.5,9.7,5.4
2004-10-01,5.2,11.7,5.5
2004-11-01,5.8,10.3,5.4
2004-12-01,5.8,9.2,5.4
2005-01-01,6.7,12.1,5.3
2005-02-01,5.9,12.9,5.4
2005-03-01,3.5,11.3,5.2
2005-04-01,3.6,10.5,5.2
2005-05-01,3.9,9.8,5.1
2005-06-01,5.6,11.5,5.0
2005-07-01,7.8,9.7,5.0
2005-08-01,7.3,10.7,4.9
2005-09-01,5.5,10.5,5.0
2005-10-01,4.2,9.0,5.0
2005-11-01,3.7,9.9,5.0
2005-12-01,2.8,10.3,4.9
2006-01-01,4.1,11.7,4.7
2006-02-01,4.4,11.2,4.8
2006-03-01,3.2,9.8,4.7
2006-04-01,2.3,10.6,4.7
2006-05-01,3.5,10.1,4.6
2006-06-01,7.0,10.3,4.6
2006-07-01,7.6,10.8,4.7
2006-08-01,6.9,10.5,4.7
2006-09-01,4.9,9.6,4.5
2006-10-01,6.0,10.3,4.4
2006-11-01,4.3,10.5,4.5
2006-12-01,4.0,10.2,4.4
2007-01-01,4.7,11.1,4.6
2007-02-01,3.8,9.5,4.5
2007-03-01,3.5,8.9,4.4
2007-04-01,3.7,9.3,4.5
2007-05-01,4.3,8.6,4.4
2007-06-01,7.0,9.5,4.6
2007-07-01,7.1,11.3,4.7
2007-08-01,7.3,10.3,4.6
2007-09-01,7.1,10.3,4.7
2007-10-01,5.8,10.5,4.7
2007-11-01,5.7,10.1,4.7
2007-12-01,3.4,11.8,5.0
2008-01-01,5.6,11.4,5.0
2008-02-01,4.3,12.1,4.9
2008-03-01,3.4,13.1,5.1
2008-04-01,3.0,12.0,5.0
2008-05-01,5.0,12.2,5.4
2008-06-01,6.5,12.9,5.6
2008-07-01,8.3,13.1,5.8
2008-08-01,7.6,13.0,6.1
2008-09-01,6.6,13.6,6.1
2008-10-01,6.4,13.3,6.5
2008-11-01,5.0,13.0,6.8
2008-12-01,5.9,14.6,7.3
2009-01-01,7.8,17.2,7.8
2009-02-01,9.0,18.0,8.3
2009-03-01,7.6,19.3,8.7
2009-04-01,6.1,19.6,9.0
2009-05-01,8.2,19.0,9.4
2009-06-01,10.8,19.3,9.5
2009-07-01,10.1,19.3,9.5
2009-08-01,12.0,18.8,9.6
2009-09-01,9.3,18.1,9.8
2009-10-01,8.9,20.9,10.0
2009-11-01,7.5,20.7,9.9
2009-12-01,7.3,19.8,9.9
2010-01-01,9.2,22.7,9.8
2010-02-01,8.7,21.8,9.8
2010-03-01,7.2,21.9,9.9
2010-04-01,7.5,23.2,9.9
2010-05-01,8.2,20.2,9.6
2010-06-01,10.9,20.7,9.4
2010-07-01,11.7,18.5,9.4
2010-08-01,10.0,18.4,9.5
2010-09-01,9.4,17.9,9.5
2010-10-01,8.5,19.6,9.4
2010-11-01,8.6,20.5,9.8
2010-12-01,9.6,19.0,9.3
2011-01-01,10.8,20.1,9.1
2011-02-01,9.3,21.6,9.0
2011-03-01,8.5,20.0,9.0
2011-04-01,6.7,19.7,9.1
2011-05-01,7.1,18.3,9.0
2011-06-01,12.0,18.2,9.1
2011-07-01,13.1,17.3,9.0
2011-08-01,10.7,18.7,9.0
2011-09-01,8.3,19.0,9.0
2011-10-01,7.7,18.7,8.8
2011-11-01,6.2,19.0,8.6
2011-12-01,6.9,18.0,8.5
2012-01-01,8.3,18.7,8.3
2012-02-01,8.6,20.7,8.3
2012-03-01,5.2,18.1,8.2
2012-04-01,6.4,18.8,8.2
2012-05-01,7.6,17.7,8.2
2012-06-01,9.9,18.4,8.2
2012-07-01,11.8,17.6,8.2
2012-08-01,10.6,18.6,8.1
2012-09-01,6.4,16.6,7.8
2012-10-01,5.9,16.8,7.8
2012-11-01,5.9,16.4,7.7
2012-12-01,7.2,16.3,7.9
2013-01-01,8.2,19.7,8.0
2013-02-01,8.3,17.6,7.7
2013-03-01,6.4,16.7,7.5
2013-04-01,7.2,16.9,7.6
2013-05-01,8.2,16.6,7.5
2013-06-01,10.3,17.4,7.5
2013-07-01,9.4,15.9,7.3
2013-08-01,10.6,16.5,7.2
2013-09-01,7.2,16.2,7.2
2013-10-01,6.5,16.5,7.2
2013-11-01,6.1,14.4,6.9
2013-12-01,7.0,14.0,6.7
2014-01-01,8.7,15.2,6.6
2014-02-01,7.8,18.1,6.7
2014-03-01,6.4,17.8,6.7
2014-04-01,4.4,14.8,6.2
2014-05-01,6.0,14.6,6.3
2014-06-01,8.5,14.8,6.1
2014-07-01,10.1,15.0,6.2
2014-08-01,8.3,14.6,6.1
2014-09-01,8.0,14.0,5.9
2014-10-01,7.4,12.7,5.7
2014-11-01,5.5,13.2,5.8
2014-12-01,6.0,12.0,5.6
2015-01-01,7.1,13.6,5.7
2015-02-01,7.5,13.5,5.5
2015-03-01,4.4,14.5,5.4
2015-04-01,4.8,11.8,5.4
2015-05-01,6.5,12.0,5.6
2015-06-01,5.8,12.1,5.3
2015-07-01,7.4,14.0,5.2
2015-08-01,7.1,10.9,5.1
2015-09-01,7.4,11.4,5.0
2015-10-01,5.7,11.3,5.0
2015-11-01,3.9,12.1,5.1
2015-12-01,3.5,12.0,5.0
2016-01-01,5.4,11.0,4.8
2016-02-01,5.3,11.7,4.9
2016-03-01,4.3,10.8,5.0
2016-04-01,4.8,11.2,5.1
2016-05-01,3.9,10.8,4.8
2016-06-01,7.9,11.2,4.9
2016-07-01,6.5,11.2,4.8
2016-08-01,7.6,9.7,4.9
2016-09-01,5.7,9.9,5.0
2016-10-01,5.9,10.2,4.9
2016-11-01,3.9,9.1,4.7
2016-12-01,3.8,10.3,4.7
2017-01-01,5.4,11.1,4.7
2017-02-01,5.7,11.1,4.6
2017-03-01,4.6,9.3,4.4
2017-04-01,3.8,9.0,4.4
2017-05-01,3.9,8.1,4.4
2017-06-01,6.9,9.6,4.3
2017-07-01,7.4,9.7,4.3
2017-08-01,6.8,9.1,4.4
2017-09-01,6.7,8.8,4.3
2017-10-01,5.4,9.0,4.2
2017-11-01,3.4,9.6,4.2
2017-12-01,2.8,10.6,4.1
2018-01-01,5.5,11.6,4.0
2018-02-01,4.5,10.1,4.1
2018-03-01,4.5,8.9,4.0
2018-04-01,3.5,8.4,4.0
2018-05-01,5.2,8.9,3.8
2018-06-01,6.7,9.9,4.0
2018-07-01,6.5,9.6,3.8
2018-08-01,6.6,8.5,3.8
2018-09-01,6.4,8.3,3.7
2018-10-01,6.2,8.0,3.8
2018-11-01,4.8,7.1,3.8
2018-12-01,4.7,7.6,3.9
2019-01-01,5.0,10.1,4.0
2019-02-01,4.2,9.2,3.8
2019-03-01,4.3,8.6,3.8
2019-04-01,3.6,7.3,3.7
2019-05-01,5.8,8.6,3.6
2019-06-01,5.9,8.9,3.6
2019-07-01,7.6,9.5,3.7
2019-08-01,7.2,8.6,3.6
2019-09-01,6.1,7.1,3.5
2019-10-01,4.4,8.1,3.6
2019-11-01,3.5,8.7,3.6
2019-12-01,4.0,8.0,3.6
2020-01-01,5.1,9.1,3.6
2020-02-01,4.7,8.8,3.5
2020-03-01,4.2,11.3,4.4
2020-04-01,17.2,28.0,14.8
2020-05-01,15.6,23.5,13.2
2020-06-01,20.4,19.5,11.0
2020-07-01,17.6,20.1,10.2
2020-08-01,13.0,15.0,8.4
2020-09-01,9.9,14.5,7.8
2020-10-01,7.9,12.0,6.9
2020-11-01,6.6,12.0,6.7
2020-12-01,8.5,11.5,6.7
2021-01-01,8.6,13.1,6.4
2021-02-01,8.6,12.2,6.2
2021-03-01,7.2,13.0,6.1
2021-04-01,7.9,10.7,6.1
2021-05-01,8.1,11.1,5.8
2021-06-01,10.2,10.4,5.9
2021-07-01,9.4,11.6,5.4
2021-08-01,7.3,10.8,5.1
2021-09-01,6.9,8.7,4.7
2021-10-01,6.7,7.9,4.5
2021-11-01,4.9,8.3,4.2
2021-12-01,2.3,8.1,3.9
2022-01-01,2.8,9.0,4.0
2022-02-01,4.6,10.5,3.8
2022-03-01,4.7,9.7,3.7
2022-04-01,5.7,7.6,3.7
2022-05-01,4.8,7.8,3.6
2022-06-01,9.1,7.5,3.6
2022-07-01,7.6,8.1,3.5
2022-08-01,5.3,9.6,3.6
2022-09-01,6.3,7.9,3.5
2022-10-01,5.7,7.9,3.6
2022-11-01,5.2,7.9,3.6
2022-12-01,4.2,9.3,3.5
2023-01-01,4.9,10.3,3.5
2023-02-01,4.6,9.1,3.6
2023-03-01,5.4,7.9,3.5
2023-04-01,4.2,4.8,3.4
2023-05-01,4.4,7.3,3.6
2023-06-01,7.3,7.0,3.6
2023-07-01,7.8,8.0,3.5
2023-08-01,7.1,8.4,3.7
2023-09-01,6.7,8.8,3.8
2023-10-01,6.0,8.3,3.9
2023-11-01,5.7,7.4,3.7
2023-12-01,3.8,9.0,3.8
2024-01-01,4.8,8.4,3.7
2024-02-01,5.3,9.8,3.9
2024-03-01,6.2,9.0,3.9
2024-04-01,5.0,7.5,3.9
2024-05-01,6.2,9.6,4.0
2024-06-01,8.1,8.7,4.1
2024-07-01,8.7,9.2,4.2
2024-08-01,9.0,8.6,4.2
2024-09-01,6.8,8.2,4.1
2024-10-01,7.2,8.9,4.1
2024-11-01,5.5,8.5,4.2
2024-12-01,4.1,8.3,4.1
2025-01-01,5.4,10.3,4.0
2025-02-01,7.4,9.9,4.1
2025-03-01,6.3,9.8,4.2
2025-04-01,4.4,9.9,4.2
2025-05-01,6.1,8.6,4.2
2025-06-01,7.3,10.0,4.1
2025-07-01,8.5,8.8,4.2
2025-08-01,9.3,10.8,4.3
